epochs,loss_type,value,data,copes,j
0,Generator Loss,-0.10972660779953003,gridr,1,1
1,Generator Loss,-0.01194353774189949,gridr,1,1
2,Generator Loss,-0.36929062008857727,gridr,1,1
3,Generator Loss,-0.33613166213035583,gridr,1,1
4,Generator Loss,-0.5383343696594238,gridr,1,1
5,Generator Loss,-0.5208197236061096,gridr,1,1
6,Generator Loss,-0.5631044507026672,gridr,1,1
7,Generator Loss,-0.5927940607070923,gridr,1,1
8,Generator Loss,-0.6345147490501404,gridr,1,1
9,Generator Loss,-0.9492786526679993,gridr,1,1
10,Generator Loss,-0.8092741370201111,gridr,1,1
11,Generator Loss,-0.787051260471344,gridr,1,1
12,Generator Loss,-0.751558780670166,gridr,1,1
13,Generator Loss,-0.8681800961494446,gridr,1,1
14,Generator Loss,-0.7937017679214478,gridr,1,1
15,Generator Loss,-0.8459758162498474,gridr,1,1
16,Generator Loss,-0.9310318231582642,gridr,1,1
17,Generator Loss,-0.9399792551994324,gridr,1,1
18,Generator Loss,-0.9530844688415527,gridr,1,1
19,Generator Loss,-1.0856810808181763,gridr,1,1
20,Generator Loss,-1.0456173419952393,gridr,1,1
21,Generator Loss,-1.075628638267517,gridr,1,1
22,Generator Loss,-1.1731737852096558,gridr,1,1
23,Generator Loss,-1.0243219137191772,gridr,1,1
24,Generator Loss,-1.1573448181152344,gridr,1,1
25,Generator Loss,-1.1017773151397705,gridr,1,1
26,Generator Loss,-1.148455023765564,gridr,1,1
27,Generator Loss,-1.1983768939971924,gridr,1,1
28,Generator Loss,-1.166153907775879,gridr,1,1
29,Generator Loss,-1.1670888662338257,gridr,1,1
30,Generator Loss,-1.1561565399169922,gridr,1,1
31,Generator Loss,-1.1381617784500122,gridr,1,1
32,Generator Loss,-1.2398178577423096,gridr,1,1
33,Generator Loss,-1.301358938217163,gridr,1,1
34,Generator Loss,-1.2439744472503662,gridr,1,1
35,Generator Loss,-1.1985750198364258,gridr,1,1
36,Generator Loss,-1.3243175745010376,gridr,1,1
37,Generator Loss,-1.2517175674438477,gridr,1,1
38,Generator Loss,-1.1565117835998535,gridr,1,1
39,Generator Loss,-1.1994330883026123,gridr,1,1
40,Generator Loss,-1.1452323198318481,gridr,1,1
41,Generator Loss,-1.1858527660369873,gridr,1,1
42,Generator Loss,-1.098002314567566,gridr,1,1
43,Generator Loss,-1.0481359958648682,gridr,1,1
44,Generator Loss,-1.0754035711288452,gridr,1,1
45,Generator Loss,-1.0298681259155273,gridr,1,1
46,Generator Loss,-0.9412297606468201,gridr,1,1
47,Generator Loss,-0.9358258843421936,gridr,1,1
48,Generator Loss,-0.8485447764396667,gridr,1,1
49,Generator Loss,-0.8278121948242188,gridr,1,1
0,Discriminator Loss,-0.08163460344076157,gridr,1,1
1,Discriminator Loss,-0.2952342629432678,gridr,1,1
2,Discriminator Loss,0.038013577461242676,gridr,1,1
3,Discriminator Loss,-0.17382577061653137,gridr,1,1
4,Discriminator Loss,0.08983463048934937,gridr,1,1
5,Discriminator Loss,-0.023255109786987305,gridr,1,1
6,Discriminator Loss,-0.028073906898498535,gridr,1,1
7,Discriminator Loss,0.1661859154701233,gridr,1,1
8,Discriminator Loss,-0.20850610733032227,gridr,1,1
9,Discriminator Loss,0.04995906352996826,gridr,1,1
10,Discriminator Loss,0.005271494388580322,gridr,1,1
11,Discriminator Loss,0.06650686264038086,gridr,1,1
12,Discriminator Loss,-0.12300300598144531,gridr,1,1
13,Discriminator Loss,-0.012447774410247803,gridr,1,1
14,Discriminator Loss,-0.04885631799697876,gridr,1,1
15,Discriminator Loss,-0.024670064449310303,gridr,1,1
16,Discriminator Loss,-0.0050026774406433105,gridr,1,1
17,Discriminator Loss,-0.0715707540512085,gridr,1,1
18,Discriminator Loss,-0.0023347139358520508,gridr,1,1
19,Discriminator Loss,-0.03312182426452637,gridr,1,1
20,Discriminator Loss,-0.038239896297454834,gridr,1,1
21,Discriminator Loss,0.02863013744354248,gridr,1,1
22,Discriminator Loss,-0.13496434688568115,gridr,1,1
23,Discriminator Loss,-0.15910661220550537,gridr,1,1
24,Discriminator Loss,-0.06297576427459717,gridr,1,1
25,Discriminator Loss,-0.02679741382598877,gridr,1,1
26,Discriminator Loss,-0.09144484996795654,gridr,1,1
27,Discriminator Loss,-0.08762848377227783,gridr,1,1
28,Discriminator Loss,-0.10239088535308838,gridr,1,1
29,Discriminator Loss,-0.02441394329071045,gridr,1,1
30,Discriminator Loss,-0.069144606590271,gridr,1,1
31,Discriminator Loss,-0.08118486404418945,gridr,1,1
32,Discriminator Loss,-0.16922342777252197,gridr,1,1
33,Discriminator Loss,-0.07095038890838623,gridr,1,1
34,Discriminator Loss,-0.16338586807250977,gridr,1,1
35,Discriminator Loss,-0.10742998123168945,gridr,1,1
36,Discriminator Loss,-0.05323672294616699,gridr,1,1
37,Discriminator Loss,0.050050973892211914,gridr,1,1
38,Discriminator Loss,-0.11414444446563721,gridr,1,1
39,Discriminator Loss,-0.14798343181610107,gridr,1,1
40,Discriminator Loss,-0.1264653205871582,gridr,1,1
41,Discriminator Loss,-0.1969442367553711,gridr,1,1
42,Discriminator Loss,-0.08251440525054932,gridr,1,1
43,Discriminator Loss,-0.12241852283477783,gridr,1,1
44,Discriminator Loss,-0.13204753398895264,gridr,1,1
45,Discriminator Loss,-0.12572050094604492,gridr,1,1
46,Discriminator Loss,-0.24784964323043823,gridr,1,1
47,Discriminator Loss,-0.24226629734039307,gridr,1,1
48,Discriminator Loss,-0.15199893712997437,gridr,1,1
49,Discriminator Loss,-0.14391016960144043,gridr,1,1
0,Generator Loss,-0.2915846109390259,gridr,5,1
1,Generator Loss,-0.10303357988595963,gridr,5,1
2,Generator Loss,-0.17361944913864136,gridr,5,1
3,Generator Loss,-0.44477352499961853,gridr,5,1
4,Generator Loss,-0.4661172032356262,gridr,5,1
5,Generator Loss,-0.4453427791595459,gridr,5,1
6,Generator Loss,-0.5685623288154602,gridr,5,1
7,Generator Loss,-0.7470466494560242,gridr,5,1
8,Generator Loss,-0.7096031308174133,gridr,5,1
9,Generator Loss,-0.7540934681892395,gridr,5,1
10,Generator Loss,-0.7336515784263611,gridr,5,1
11,Generator Loss,-0.6802512407302856,gridr,5,1
12,Generator Loss,-0.8036708831787109,gridr,5,1
13,Generator Loss,-0.9459581971168518,gridr,5,1
14,Generator Loss,-0.7011317610740662,gridr,5,1
15,Generator Loss,-0.8399467468261719,gridr,5,1
16,Generator Loss,-0.9788112640380859,gridr,5,1
17,Generator Loss,-0.8754305243492126,gridr,5,1
18,Generator Loss,-0.9837325811386108,gridr,5,1
19,Generator Loss,-0.9640435576438904,gridr,5,1
20,Generator Loss,-0.9259170293807983,gridr,5,1
21,Generator Loss,-0.9523868560791016,gridr,5,1
22,Generator Loss,-1.1610381603240967,gridr,5,1
23,Generator Loss,-1.0237646102905273,gridr,5,1
24,Generator Loss,-1.065728783607483,gridr,5,1
25,Generator Loss,-1.1878488063812256,gridr,5,1
26,Generator Loss,-1.061316728591919,gridr,5,1
27,Generator Loss,-1.1618667840957642,gridr,5,1
28,Generator Loss,-1.243353009223938,gridr,5,1
29,Generator Loss,-1.1457149982452393,gridr,5,1
30,Generator Loss,-1.1010512113571167,gridr,5,1
31,Generator Loss,-1.0067744255065918,gridr,5,1
32,Generator Loss,-1.1445493698120117,gridr,5,1
33,Generator Loss,-1.2221288681030273,gridr,5,1
34,Generator Loss,-1.186652421951294,gridr,5,1
35,Generator Loss,-1.2359496355056763,gridr,5,1
36,Generator Loss,-1.1521797180175781,gridr,5,1
37,Generator Loss,-1.1979330778121948,gridr,5,1
38,Generator Loss,-1.059371829032898,gridr,5,1
39,Generator Loss,-1.068749189376831,gridr,5,1
40,Generator Loss,-1.0261982679367065,gridr,5,1
41,Generator Loss,-1.0591020584106445,gridr,5,1
42,Generator Loss,-1.0121995210647583,gridr,5,1
43,Generator Loss,-1.0331751108169556,gridr,5,1
44,Generator Loss,-1.0243768692016602,gridr,5,1
45,Generator Loss,-0.9765445590019226,gridr,5,1
46,Generator Loss,-0.8816958665847778,gridr,5,1
47,Generator Loss,-0.9142698049545288,gridr,5,1
48,Generator Loss,-0.8733492493629456,gridr,5,1
49,Generator Loss,-0.9282727241516113,gridr,5,1
0,Discriminator Loss,0.16306722164154053,gridr,5,1
1,Discriminator Loss,-0.1142122745513916,gridr,5,1
2,Discriminator Loss,0.022361546754837036,gridr,5,1
3,Discriminator Loss,0.09625333547592163,gridr,5,1
4,Discriminator Loss,-0.03952336311340332,gridr,5,1
5,Discriminator Loss,0.05572184920310974,gridr,5,1
6,Discriminator Loss,-0.08490437269210815,gridr,5,1
7,Discriminator Loss,0.07308828830718994,gridr,5,1
8,Discriminator Loss,-0.07174605131149292,gridr,5,1
9,Discriminator Loss,-0.05259585380554199,gridr,5,1
10,Discriminator Loss,-0.04165881872177124,gridr,5,1
11,Discriminator Loss,-0.11022746562957764,gridr,5,1
12,Discriminator Loss,0.026619255542755127,gridr,5,1
13,Discriminator Loss,0.028583884239196777,gridr,5,1
14,Discriminator Loss,-0.12008631229400635,gridr,5,1
15,Discriminator Loss,-0.07305073738098145,gridr,5,1
16,Discriminator Loss,-0.013225078582763672,gridr,5,1
17,Discriminator Loss,-0.1284772753715515,gridr,5,1
18,Discriminator Loss,-0.011449635028839111,gridr,5,1
19,Discriminator Loss,-0.04506218433380127,gridr,5,1
20,Discriminator Loss,-0.08098006248474121,gridr,5,1
21,Discriminator Loss,-0.0675513744354248,gridr,5,1
22,Discriminator Loss,-0.030321836471557617,gridr,5,1
23,Discriminator Loss,-0.12059825658798218,gridr,5,1
24,Discriminator Loss,-0.07802236080169678,gridr,5,1
25,Discriminator Loss,-0.01656937599182129,gridr,5,1
26,Discriminator Loss,-0.095428466796875,gridr,5,1
27,Discriminator Loss,-0.11267733573913574,gridr,5,1
28,Discriminator Loss,-0.04229700565338135,gridr,5,1
29,Discriminator Loss,-0.13968336582183838,gridr,5,1
30,Discriminator Loss,-0.04535317420959473,gridr,5,1
31,Discriminator Loss,-0.10232865810394287,gridr,5,1
32,Discriminator Loss,-0.150634765625,gridr,5,1
33,Discriminator Loss,0.009061574935913086,gridr,5,1
34,Discriminator Loss,-0.018693923950195312,gridr,5,1
35,Discriminator Loss,-0.06336402893066406,gridr,5,1
36,Discriminator Loss,-0.11470353603363037,gridr,5,1
37,Discriminator Loss,-0.08064424991607666,gridr,5,1
38,Discriminator Loss,-0.13615858554840088,gridr,5,1
39,Discriminator Loss,-0.137526273727417,gridr,5,1
40,Discriminator Loss,-0.16237354278564453,gridr,5,1
41,Discriminator Loss,-0.12229931354522705,gridr,5,1
42,Discriminator Loss,-0.16898512840270996,gridr,5,1
43,Discriminator Loss,-0.10362350940704346,gridr,5,1
44,Discriminator Loss,-0.09430563449859619,gridr,5,1
45,Discriminator Loss,-0.19201207160949707,gridr,5,1
46,Discriminator Loss,-0.25371694564819336,gridr,5,1
47,Discriminator Loss,-0.21694040298461914,gridr,5,1
48,Discriminator Loss,-0.06215566396713257,gridr,5,1
49,Discriminator Loss,-0.06005221605300903,gridr,5,1
0,Generator Loss,-0.2349015772342682,gridr,5,2
1,Generator Loss,-0.06530926376581192,gridr,5,2
2,Generator Loss,-0.33656078577041626,gridr,5,2
3,Generator Loss,-0.16845330595970154,gridr,5,2
4,Generator Loss,-0.3964448571205139,gridr,5,2
5,Generator Loss,-0.459781289100647,gridr,5,2
6,Generator Loss,-0.41238853335380554,gridr,5,2
7,Generator Loss,-0.6039131879806519,gridr,5,2
8,Generator Loss,-0.5659497380256653,gridr,5,2
9,Generator Loss,-0.5942268967628479,gridr,5,2
10,Generator Loss,-0.6675286293029785,gridr,5,2
11,Generator Loss,-0.694881796836853,gridr,5,2
12,Generator Loss,-0.6263416409492493,gridr,5,2
13,Generator Loss,-0.8683075904846191,gridr,5,2
14,Generator Loss,-0.7453691959381104,gridr,5,2
15,Generator Loss,-0.813418447971344,gridr,5,2
16,Generator Loss,-0.8976799249649048,gridr,5,2
17,Generator Loss,-0.7722622752189636,gridr,5,2
18,Generator Loss,-0.9252933263778687,gridr,5,2
19,Generator Loss,-1.0013155937194824,gridr,5,2
20,Generator Loss,-1.0469708442687988,gridr,5,2
21,Generator Loss,-1.0727101564407349,gridr,5,2
22,Generator Loss,-1.0251737833023071,gridr,5,2
23,Generator Loss,-1.09918212890625,gridr,5,2
24,Generator Loss,-1.0318231582641602,gridr,5,2
25,Generator Loss,-1.133606195449829,gridr,5,2
26,Generator Loss,-1.0267119407653809,gridr,5,2
27,Generator Loss,-1.106165885925293,gridr,5,2
28,Generator Loss,-1.1144142150878906,gridr,5,2
29,Generator Loss,-1.2455588579177856,gridr,5,2
30,Generator Loss,-1.0586504936218262,gridr,5,2
31,Generator Loss,-1.1907519102096558,gridr,5,2
32,Generator Loss,-1.3029522895812988,gridr,5,2
33,Generator Loss,-1.0696120262145996,gridr,5,2
34,Generator Loss,-1.186984896659851,gridr,5,2
35,Generator Loss,-1.0699058771133423,gridr,5,2
36,Generator Loss,-1.0971555709838867,gridr,5,2
37,Generator Loss,-1.0789332389831543,gridr,5,2
38,Generator Loss,-1.0512733459472656,gridr,5,2
39,Generator Loss,-0.8548919558525085,gridr,5,2
40,Generator Loss,-0.9203753471374512,gridr,5,2
41,Generator Loss,-0.8970969915390015,gridr,5,2
42,Generator Loss,-0.8533421158790588,gridr,5,2
43,Generator Loss,-0.822902500629425,gridr,5,2
44,Generator Loss,-0.8252708911895752,gridr,5,2
45,Generator Loss,-0.6831229329109192,gridr,5,2
46,Generator Loss,-0.6650580763816833,gridr,5,2
47,Generator Loss,-0.6061898469924927,gridr,5,2
48,Generator Loss,-0.6069227457046509,gridr,5,2
49,Generator Loss,-0.7439444065093994,gridr,5,2
0,Discriminator Loss,0.15623986721038818,gridr,5,2
1,Discriminator Loss,-0.19126512110233307,gridr,5,2
2,Discriminator Loss,0.1217336505651474,gridr,5,2
3,Discriminator Loss,-0.10883191227912903,gridr,5,2
4,Discriminator Loss,0.05074390769004822,gridr,5,2
5,Discriminator Loss,0.027236908674240112,gridr,5,2
6,Discriminator Loss,-0.1917419135570526,gridr,5,2
7,Discriminator Loss,0.023082613945007324,gridr,5,2
8,Discriminator Loss,-0.08570092916488647,gridr,5,2
9,Discriminator Loss,-0.013160407543182373,gridr,5,2
10,Discriminator Loss,-0.10866087675094604,gridr,5,2
11,Discriminator Loss,-0.07532966136932373,gridr,5,2
12,Discriminator Loss,-0.12963396310806274,gridr,5,2
13,Discriminator Loss,0.002902984619140625,gridr,5,2
14,Discriminator Loss,-0.06833606958389282,gridr,5,2
15,Discriminator Loss,-0.018815696239471436,gridr,5,2
16,Discriminator Loss,-0.043342530727386475,gridr,5,2
17,Discriminator Loss,-0.08163285255432129,gridr,5,2
18,Discriminator Loss,-0.025166094303131104,gridr,5,2
19,Discriminator Loss,-0.1998395323753357,gridr,5,2
20,Discriminator Loss,0.19048291444778442,gridr,5,2
21,Discriminator Loss,-0.12897944450378418,gridr,5,2
22,Discriminator Loss,-0.0893939733505249,gridr,5,2
23,Discriminator Loss,-0.0721123218536377,gridr,5,2
24,Discriminator Loss,-0.04527401924133301,gridr,5,2
25,Discriminator Loss,-0.02854180335998535,gridr,5,2
26,Discriminator Loss,-0.06692051887512207,gridr,5,2
27,Discriminator Loss,-0.15399324893951416,gridr,5,2
28,Discriminator Loss,-0.05238962173461914,gridr,5,2
29,Discriminator Loss,-0.011533975601196289,gridr,5,2
30,Discriminator Loss,-0.27455997467041016,gridr,5,2
31,Discriminator Loss,-0.2005213499069214,gridr,5,2
32,Discriminator Loss,-0.003205537796020508,gridr,5,2
33,Discriminator Loss,-0.10021209716796875,gridr,5,2
34,Discriminator Loss,-0.11923670768737793,gridr,5,2
35,Discriminator Loss,-0.09887182712554932,gridr,5,2
36,Discriminator Loss,-0.17159509658813477,gridr,5,2
37,Discriminator Loss,-0.12318706512451172,gridr,5,2
38,Discriminator Loss,-0.21918511390686035,gridr,5,2
39,Discriminator Loss,-0.2325236201286316,gridr,5,2
40,Discriminator Loss,-0.1384219527244568,gridr,5,2
41,Discriminator Loss,-0.12576526403427124,gridr,5,2
42,Discriminator Loss,-0.24123001098632812,gridr,5,2
43,Discriminator Loss,-0.10316777229309082,gridr,5,2
44,Discriminator Loss,-0.20650380849838257,gridr,5,2
45,Discriminator Loss,-0.09881287813186646,gridr,5,2
46,Discriminator Loss,-0.2875385284423828,gridr,5,2
47,Discriminator Loss,-0.19138455390930176,gridr,5,2
48,Discriminator Loss,-0.09616702795028687,gridr,5,2
49,Discriminator Loss,-0.18126773834228516,gridr,5,2
0,Generator Loss,-0.11455754935741425,gridr,5,3
1,Generator Loss,0.14487189054489136,gridr,5,3
2,Generator Loss,-0.11348537355661392,gridr,5,3
3,Generator Loss,-0.2084551751613617,gridr,5,3
4,Generator Loss,-0.19390864670276642,gridr,5,3
5,Generator Loss,-0.2982071340084076,gridr,5,3
6,Generator Loss,-0.2677769362926483,gridr,5,3
7,Generator Loss,-0.39705702662467957,gridr,5,3
8,Generator Loss,-0.35555386543273926,gridr,5,3
9,Generator Loss,-0.4437805414199829,gridr,5,3
10,Generator Loss,-0.5943846702575684,gridr,5,3
11,Generator Loss,-0.5227688550949097,gridr,5,3
12,Generator Loss,-0.6271741390228271,gridr,5,3
13,Generator Loss,-0.6986182928085327,gridr,5,3
14,Generator Loss,-0.675565242767334,gridr,5,3
15,Generator Loss,-0.6923577189445496,gridr,5,3
16,Generator Loss,-0.7127038836479187,gridr,5,3
17,Generator Loss,-0.782511830329895,gridr,5,3
18,Generator Loss,-0.8323612809181213,gridr,5,3
19,Generator Loss,-0.8961491584777832,gridr,5,3
20,Generator Loss,-0.8625439405441284,gridr,5,3
21,Generator Loss,-0.9502903819084167,gridr,5,3
22,Generator Loss,-0.9167236089706421,gridr,5,3
23,Generator Loss,-0.9199650287628174,gridr,5,3
24,Generator Loss,-0.9932663440704346,gridr,5,3
25,Generator Loss,-1.0853545665740967,gridr,5,3
26,Generator Loss,-0.9530801177024841,gridr,5,3
27,Generator Loss,-0.9686475992202759,gridr,5,3
28,Generator Loss,-0.9878465533256531,gridr,5,3
29,Generator Loss,-1.0655817985534668,gridr,5,3
30,Generator Loss,-1.0501223802566528,gridr,5,3
31,Generator Loss,-1.0935900211334229,gridr,5,3
32,Generator Loss,-0.9999232292175293,gridr,5,3
33,Generator Loss,-0.939911961555481,gridr,5,3
34,Generator Loss,-1.0254192352294922,gridr,5,3
35,Generator Loss,-0.9943864941596985,gridr,5,3
36,Generator Loss,-0.9652011394500732,gridr,5,3
37,Generator Loss,-0.9084632396697998,gridr,5,3
38,Generator Loss,-0.9887875914573669,gridr,5,3
39,Generator Loss,-0.890959620475769,gridr,5,3
40,Generator Loss,-0.901264488697052,gridr,5,3
41,Generator Loss,-0.9097959995269775,gridr,5,3
42,Generator Loss,-0.8159507513046265,gridr,5,3
43,Generator Loss,-0.8279325366020203,gridr,5,3
44,Generator Loss,-0.6816746592521667,gridr,5,3
45,Generator Loss,-0.7106647491455078,gridr,5,3
46,Generator Loss,-0.7379951477050781,gridr,5,3
47,Generator Loss,-0.5938613414764404,gridr,5,3
48,Generator Loss,-0.6504575610160828,gridr,5,3
49,Generator Loss,-0.6479289531707764,gridr,5,3
0,Discriminator Loss,0.016148094087839127,gridr,5,3
1,Discriminator Loss,-0.10185275971889496,gridr,5,3
2,Discriminator Loss,0.12822631001472473,gridr,5,3
3,Discriminator Loss,-0.14995960891246796,gridr,5,3
4,Discriminator Loss,-0.017079636454582214,gridr,5,3
5,Discriminator Loss,0.05975554883480072,gridr,5,3
6,Discriminator Loss,-0.09987130761146545,gridr,5,3
7,Discriminator Loss,0.01744183897972107,gridr,5,3
8,Discriminator Loss,-0.024133503437042236,gridr,5,3
9,Discriminator Loss,-0.10789048671722412,gridr,5,3
10,Discriminator Loss,-0.033294856548309326,gridr,5,3
11,Discriminator Loss,-0.12684229016304016,gridr,5,3
12,Discriminator Loss,-0.0784868597984314,gridr,5,3
13,Discriminator Loss,0.10898780822753906,gridr,5,3
14,Discriminator Loss,-0.01373225450515747,gridr,5,3
15,Discriminator Loss,-0.09259414672851562,gridr,5,3
16,Discriminator Loss,-0.11925458908081055,gridr,5,3
17,Discriminator Loss,0.023808598518371582,gridr,5,3
18,Discriminator Loss,0.05727666616439819,gridr,5,3
19,Discriminator Loss,0.05793595314025879,gridr,5,3
20,Discriminator Loss,-0.04772007465362549,gridr,5,3
21,Discriminator Loss,-0.1203620433807373,gridr,5,3
22,Discriminator Loss,0.008110880851745605,gridr,5,3
23,Discriminator Loss,-0.12158644199371338,gridr,5,3
24,Discriminator Loss,-0.04657942056655884,gridr,5,3
25,Discriminator Loss,0.0010361671447753906,gridr,5,3
26,Discriminator Loss,-0.07301348447799683,gridr,5,3
27,Discriminator Loss,-0.05230510234832764,gridr,5,3
28,Discriminator Loss,-0.11553847789764404,gridr,5,3
29,Discriminator Loss,-0.12961256504058838,gridr,5,3
30,Discriminator Loss,0.0823829174041748,gridr,5,3
31,Discriminator Loss,-0.18812406063079834,gridr,5,3
32,Discriminator Loss,-0.10660183429718018,gridr,5,3
33,Discriminator Loss,-0.27975350618362427,gridr,5,3
34,Discriminator Loss,-0.09142839908599854,gridr,5,3
35,Discriminator Loss,-0.19832545518875122,gridr,5,3
36,Discriminator Loss,-0.10175102949142456,gridr,5,3
37,Discriminator Loss,-0.15944606065750122,gridr,5,3
38,Discriminator Loss,-0.011649847030639648,gridr,5,3
39,Discriminator Loss,-0.1443159580230713,gridr,5,3
40,Discriminator Loss,-0.16806411743164062,gridr,5,3
41,Discriminator Loss,-0.1516857147216797,gridr,5,3
42,Discriminator Loss,-0.1845482587814331,gridr,5,3
43,Discriminator Loss,-0.16139012575149536,gridr,5,3
44,Discriminator Loss,0.013059437274932861,gridr,5,3
45,Discriminator Loss,-0.11814409494400024,gridr,5,3
46,Discriminator Loss,-0.16210949420928955,gridr,5,3
47,Discriminator Loss,-0.177324116230011,gridr,5,3
48,Discriminator Loss,-0.22136753797531128,gridr,5,3
49,Discriminator Loss,-0.22831618785858154,gridr,5,3
0,Generator Loss,-0.36740344762802124,gridr,5,4
1,Generator Loss,-0.148221954703331,gridr,5,4
2,Generator Loss,-0.29989951848983765,gridr,5,4
3,Generator Loss,-0.29629185795783997,gridr,5,4
4,Generator Loss,-0.3862300217151642,gridr,5,4
5,Generator Loss,-0.6893598437309265,gridr,5,4
6,Generator Loss,-0.652454137802124,gridr,5,4
7,Generator Loss,-0.6242382526397705,gridr,5,4
8,Generator Loss,-0.604759931564331,gridr,5,4
9,Generator Loss,-0.6949249505996704,gridr,5,4
10,Generator Loss,-0.6183506846427917,gridr,5,4
11,Generator Loss,-0.7543103098869324,gridr,5,4
12,Generator Loss,-0.7608306407928467,gridr,5,4
13,Generator Loss,-0.710597813129425,gridr,5,4
14,Generator Loss,-0.837958812713623,gridr,5,4
15,Generator Loss,-0.7577526569366455,gridr,5,4
16,Generator Loss,-0.8789958953857422,gridr,5,4
17,Generator Loss,-0.9019250273704529,gridr,5,4
18,Generator Loss,-0.9337270259857178,gridr,5,4
19,Generator Loss,-0.9389482736587524,gridr,5,4
20,Generator Loss,-1.0310100317001343,gridr,5,4
21,Generator Loss,-0.9500448703765869,gridr,5,4
22,Generator Loss,-1.1133449077606201,gridr,5,4
23,Generator Loss,-0.9744611382484436,gridr,5,4
24,Generator Loss,-1.0605437755584717,gridr,5,4
25,Generator Loss,-1.1858912706375122,gridr,5,4
26,Generator Loss,-1.0641361474990845,gridr,5,4
27,Generator Loss,-1.1131418943405151,gridr,5,4
28,Generator Loss,-1.1462222337722778,gridr,5,4
29,Generator Loss,-1.1386033296585083,gridr,5,4
30,Generator Loss,-1.0665326118469238,gridr,5,4
31,Generator Loss,-1.1298117637634277,gridr,5,4
32,Generator Loss,-1.165205717086792,gridr,5,4
33,Generator Loss,-1.1208778619766235,gridr,5,4
34,Generator Loss,-1.085547685623169,gridr,5,4
35,Generator Loss,-1.0878006219863892,gridr,5,4
36,Generator Loss,-1.1106457710266113,gridr,5,4
37,Generator Loss,-1.0779199600219727,gridr,5,4
38,Generator Loss,-0.9059453010559082,gridr,5,4
39,Generator Loss,-0.9579611420631409,gridr,5,4
40,Generator Loss,-0.8362271785736084,gridr,5,4
41,Generator Loss,-1.0463885068893433,gridr,5,4
42,Generator Loss,-0.8216832876205444,gridr,5,4
43,Generator Loss,-0.7232813835144043,gridr,5,4
44,Generator Loss,-0.7626208662986755,gridr,5,4
45,Generator Loss,-0.6970522403717041,gridr,5,4
46,Generator Loss,-0.7164151072502136,gridr,5,4
47,Generator Loss,-0.6878476142883301,gridr,5,4
48,Generator Loss,-0.6831316947937012,gridr,5,4
49,Generator Loss,-0.687805712223053,gridr,5,4
0,Discriminator Loss,0.1703883856534958,gridr,5,4
1,Discriminator Loss,-0.11664685606956482,gridr,5,4
2,Discriminator Loss,-0.0707569420337677,gridr,5,4
3,Discriminator Loss,-0.13428926467895508,gridr,5,4
4,Discriminator Loss,0.059597134590148926,gridr,5,4
5,Discriminator Loss,0.1429702639579773,gridr,5,4
6,Discriminator Loss,-0.0666193962097168,gridr,5,4
7,Discriminator Loss,-0.00762099027633667,gridr,5,4
8,Discriminator Loss,-0.07943058013916016,gridr,5,4
9,Discriminator Loss,0.07401770353317261,gridr,5,4
10,Discriminator Loss,-0.12285560369491577,gridr,5,4
11,Discriminator Loss,0.009893298149108887,gridr,5,4
12,Discriminator Loss,-0.034661948680877686,gridr,5,4
13,Discriminator Loss,-0.06585443019866943,gridr,5,4
14,Discriminator Loss,-0.06653398275375366,gridr,5,4
15,Discriminator Loss,-0.053595900535583496,gridr,5,4
16,Discriminator Loss,-0.04814267158508301,gridr,5,4
17,Discriminator Loss,-0.09157693386077881,gridr,5,4
18,Discriminator Loss,-0.035486698150634766,gridr,5,4
19,Discriminator Loss,-0.02543461322784424,gridr,5,4
20,Discriminator Loss,0.004048705101013184,gridr,5,4
21,Discriminator Loss,0.01334989070892334,gridr,5,4
22,Discriminator Loss,-0.06693792343139648,gridr,5,4
23,Discriminator Loss,-0.1777474284172058,gridr,5,4
24,Discriminator Loss,-0.14828449487686157,gridr,5,4
25,Discriminator Loss,-0.042990922927856445,gridr,5,4
26,Discriminator Loss,0.015697717666625977,gridr,5,4
27,Discriminator Loss,-0.04784417152404785,gridr,5,4
28,Discriminator Loss,-0.1078178882598877,gridr,5,4
29,Discriminator Loss,-0.07728230953216553,gridr,5,4
30,Discriminator Loss,-0.1270759105682373,gridr,5,4
31,Discriminator Loss,-0.030591964721679688,gridr,5,4
32,Discriminator Loss,-0.11646878719329834,gridr,5,4
33,Discriminator Loss,-0.17545723915100098,gridr,5,4
34,Discriminator Loss,-0.11585533618927002,gridr,5,4
35,Discriminator Loss,-0.11930465698242188,gridr,5,4
36,Discriminator Loss,-0.0005018711090087891,gridr,5,4
37,Discriminator Loss,-0.1251736879348755,gridr,5,4
38,Discriminator Loss,-0.1711938977241516,gridr,5,4
39,Discriminator Loss,-0.17238348722457886,gridr,5,4
40,Discriminator Loss,-0.12485736608505249,gridr,5,4
41,Discriminator Loss,-0.17591345310211182,gridr,5,4
42,Discriminator Loss,-0.17105114459991455,gridr,5,4
43,Discriminator Loss,-0.17294257879257202,gridr,5,4
44,Discriminator Loss,-0.18838542699813843,gridr,5,4
45,Discriminator Loss,-0.12392830848693848,gridr,5,4
46,Discriminator Loss,-0.10682100057601929,gridr,5,4
47,Discriminator Loss,-0.08016693592071533,gridr,5,4
48,Discriminator Loss,-0.21473920345306396,gridr,5,4
49,Discriminator Loss,-0.18232768774032593,gridr,5,4
0,Generator Loss,-0.20516759157180786,gridr,5,5
1,Generator Loss,-0.11656210571527481,gridr,5,5
2,Generator Loss,-0.3110547661781311,gridr,5,5
3,Generator Loss,-0.14280331134796143,gridr,5,5
4,Generator Loss,-0.4430776834487915,gridr,5,5
5,Generator Loss,-0.5286476016044617,gridr,5,5
6,Generator Loss,-0.6172088384628296,gridr,5,5
7,Generator Loss,-0.723685622215271,gridr,5,5
8,Generator Loss,-0.5866772532463074,gridr,5,5
9,Generator Loss,-0.6949535608291626,gridr,5,5
10,Generator Loss,-0.6961021423339844,gridr,5,5
11,Generator Loss,-0.7824977040290833,gridr,5,5
12,Generator Loss,-0.7351663112640381,gridr,5,5
13,Generator Loss,-0.6627281904220581,gridr,5,5
14,Generator Loss,-0.7680628895759583,gridr,5,5
15,Generator Loss,-0.8951650857925415,gridr,5,5
16,Generator Loss,-0.7846031188964844,gridr,5,5
17,Generator Loss,-0.9821677207946777,gridr,5,5
18,Generator Loss,-0.961912989616394,gridr,5,5
19,Generator Loss,-0.9675111174583435,gridr,5,5
20,Generator Loss,-1.0244578123092651,gridr,5,5
21,Generator Loss,-0.9768703579902649,gridr,5,5
22,Generator Loss,-1.0396788120269775,gridr,5,5
23,Generator Loss,-1.0942504405975342,gridr,5,5
24,Generator Loss,-1.0319631099700928,gridr,5,5
25,Generator Loss,-1.1417596340179443,gridr,5,5
26,Generator Loss,-1.0426874160766602,gridr,5,5
27,Generator Loss,-1.2017066478729248,gridr,5,5
28,Generator Loss,-1.1257050037384033,gridr,5,5
29,Generator Loss,-1.1627280712127686,gridr,5,5
30,Generator Loss,-1.2111785411834717,gridr,5,5
31,Generator Loss,-1.1505206823349,gridr,5,5
32,Generator Loss,-1.3226901292800903,gridr,5,5
33,Generator Loss,-1.2004330158233643,gridr,5,5
34,Generator Loss,-1.2157074213027954,gridr,5,5
35,Generator Loss,-1.2409054040908813,gridr,5,5
36,Generator Loss,-1.2341907024383545,gridr,5,5
37,Generator Loss,-1.25469172000885,gridr,5,5
38,Generator Loss,-1.2614784240722656,gridr,5,5
39,Generator Loss,-1.3206793069839478,gridr,5,5
40,Generator Loss,-1.2511892318725586,gridr,5,5
41,Generator Loss,-1.212701439857483,gridr,5,5
42,Generator Loss,-1.2216230630874634,gridr,5,5
43,Generator Loss,-1.3197921514511108,gridr,5,5
44,Generator Loss,-1.2910780906677246,gridr,5,5
45,Generator Loss,-1.3246055841445923,gridr,5,5
46,Generator Loss,-1.236281394958496,gridr,5,5
47,Generator Loss,-1.2274956703186035,gridr,5,5
48,Generator Loss,-1.2219403982162476,gridr,5,5
49,Generator Loss,-1.2429291009902954,gridr,5,5
0,Discriminator Loss,0.11206474900245667,gridr,5,5
1,Discriminator Loss,0.002773106098175049,gridr,5,5
2,Discriminator Loss,0.06955257058143616,gridr,5,5
3,Discriminator Loss,-0.03513067960739136,gridr,5,5
4,Discriminator Loss,0.060487300157547,gridr,5,5
5,Discriminator Loss,-0.09646385908126831,gridr,5,5
6,Discriminator Loss,0.09472453594207764,gridr,5,5
7,Discriminator Loss,-0.15708225965499878,gridr,5,5
8,Discriminator Loss,-0.0323559045791626,gridr,5,5
9,Discriminator Loss,-0.13766157627105713,gridr,5,5
10,Discriminator Loss,0.02685171365737915,gridr,5,5
11,Discriminator Loss,0.031444013118743896,gridr,5,5
12,Discriminator Loss,-0.031800150871276855,gridr,5,5
13,Discriminator Loss,-0.02136075496673584,gridr,5,5
14,Discriminator Loss,0.010363996028900146,gridr,5,5
15,Discriminator Loss,0.06897294521331787,gridr,5,5
16,Discriminator Loss,-0.03717285394668579,gridr,5,5
17,Discriminator Loss,0.02164679765701294,gridr,5,5
18,Discriminator Loss,0.0416523814201355,gridr,5,5
19,Discriminator Loss,-0.0029665231704711914,gridr,5,5
20,Discriminator Loss,-0.018673300743103027,gridr,5,5
21,Discriminator Loss,-0.011554837226867676,gridr,5,5
22,Discriminator Loss,-0.04850947856903076,gridr,5,5
23,Discriminator Loss,0.03054630756378174,gridr,5,5
24,Discriminator Loss,-0.1369926929473877,gridr,5,5
25,Discriminator Loss,-0.07737958431243896,gridr,5,5
26,Discriminator Loss,-0.15821528434753418,gridr,5,5
27,Discriminator Loss,-0.0017325878143310547,gridr,5,5
28,Discriminator Loss,-0.09757328033447266,gridr,5,5
29,Discriminator Loss,-0.15188920497894287,gridr,5,5
30,Discriminator Loss,-0.04398620128631592,gridr,5,5
31,Discriminator Loss,-0.06934845447540283,gridr,5,5
32,Discriminator Loss,-0.06256771087646484,gridr,5,5
33,Discriminator Loss,-0.05007576942443848,gridr,5,5
34,Discriminator Loss,-0.06772541999816895,gridr,5,5
35,Discriminator Loss,-0.11874008178710938,gridr,5,5
36,Discriminator Loss,-0.18074560165405273,gridr,5,5
37,Discriminator Loss,-0.08527648448944092,gridr,5,5
38,Discriminator Loss,-0.17725920677185059,gridr,5,5
39,Discriminator Loss,-0.1356194019317627,gridr,5,5
40,Discriminator Loss,-0.0323638916015625,gridr,5,5
41,Discriminator Loss,-0.21343517303466797,gridr,5,5
42,Discriminator Loss,-0.09581923484802246,gridr,5,5
43,Discriminator Loss,-0.20388126373291016,gridr,5,5
44,Discriminator Loss,-0.11186301708221436,gridr,5,5
45,Discriminator Loss,-0.19091486930847168,gridr,5,5
46,Discriminator Loss,-0.1335972547531128,gridr,5,5
47,Discriminator Loss,-0.2102794647216797,gridr,5,5
48,Discriminator Loss,-0.1970576047897339,gridr,5,5
49,Discriminator Loss,-0.16721296310424805,gridr,5,5
